Complexity,Loss,Equation
1,0.0005245131962655133,"0.004041823670979643"
3,0.0005179865510598664,"(0.004041823670979643 / x7)"
5,0.00047224643509180227,"((0.04070169058213127 / x7) - 0.018253458633844696)"
