Complexity,Loss,Equation
1,0.042483165888617155,"0.3537397441094366"
3,0.034566077840108365,"(0.6229605365242473 / x8)"
5,0.02254509642887703,"((x5 / x8) * 0.3137725329651377)"
