Complexity,Loss,Equation
1,25.844030939882067,"9.035074058631492"
3,1.5040376402419155e-13,"(x2 * x1)"
5,1.5037258057880303e-13,"((x2 * 1.000000000538648) * x1)"
