Complexity,Loss,Equation
1,5.2416127558983603e-39,"7.239898311370375e-20"
3,1.0676797964324227e-39,"(7.239898311370375e-20 / x1)"
4,0.0,"sqrt(x2 - x2)"
