Complexity,Loss,Equation
1,0.0023074644089167047,"0.00882916811233272"
3,0.002262953144492719,"(x4 * 0.0034414721407240415)"
5,0.002104386863359858,"((0.00882916811202039 / x1) * x4)"
7,0.0020419577610308534,"((0.00882916811202039 / (x1 - 0.3949107022639861)) * x4)"
9,0.002006159188678238,"((((0.00882916811202039 / x1) * x4) / x1) * x4)"
