Complexity,Loss,Equation
1,1.280719534066583e-39,"3.578714202149419e-20"
2,1.0762869488073435e-78,"square(3.220935429120175e-20)"
3,0.0,"(x4 - x4)"
