Complexity,Loss,Equation
1,3.164019828568211e-38,"1.7787691892340307e-19"
3,0.0,"(0.044328443679868094 - 0.044328443679868094)"
