Complexity,Loss,Equation
1,9.905498584618784e-41,"-9.952637130238029e-21"
3,0.0,"(x2 - x2)"
