Complexity,Loss,Equation
1,0.5887623418505059,"1.1963129822845975"
3,2.916513558152716e-15,"(x1 / x2)"
