Complexity,Loss,Equation
1,3.807022898687193e-22,"-1.9511593729593102e-11"
2,1.4493423351127265e-43,"square(-1.9511593729593102e-11)"
3,0.0,"(x2 - x2)"
