Complexity,Loss,Equation
1,1.5182957256390675e-24,"1.2321914322210858e-12"
3,0.0,"(x2 - x2)"
