Complexity,Loss,Equation
1,0.6939665642095405,"2.338260651193753"
2,0.2455579117748567,"sqrt(x2)"
3,0.06067241878311566,"(x2 * 0.36370979176119306)"
