Complexity,Loss,Equation
1,2.134906236368127e-40,"1.461131834013668e-20"
3,4.2723476183984104e-41,"(1.461131834013668e-20 / x4)"
4,0.0,"sqrt(x1 - x1)"
