Complexity,Loss,Equation
1,4.5797033721236363e-23,"-6.767350568814834e-12"
2,2.097368297664366e-45,"square(-6.767350568814834e-12)"
3,0.0,"(x1 - x1)"
