Complexity,Loss,Equation
1,2.4555233250057462e-40,"-1.5670109524204556e-20"
2,6.029594799646521e-80,"square(-1.5670109524204556e-20)"
3,0.0,"(x2 - x2)"
