Complexity,Loss,Equation
1,2.4608354344866087e-36,"-1.5687050183149642e-18"
4,0.0,"sin(x2 - x2)"
