Complexity,Loss,Equation
1,1.139047138284537e-38,"1.0672615135404184e-19"
3,0.0,"(x2 - x2)"
