Complexity,Loss,Equation
1,8.8564565577389e-33,"-9.410874857174178e-17"
3,1.7637195044549968e-33,"(-9.410874857174178e-17 / x4)"
4,0.0,"sin(x4 - x4)"
