Complexity,Loss,Equation
1,0.3091547881782828,"0.5617896700565911"
3,0.17540107616802425,"(1.4953630975100347 / x2)"
4,0.10923656918627571,"(sqrt(x1) / x2)"
