Complexity,Loss,Equation
1,9.16964873503275e-40,"-3.028142786434124e-20"
3,3.0367824132108577e-40,"(-3.028142786434124e-20 / x5)"
4,0.0,"sqrt(x2 - x2)"
