Complexity,Loss,Equation
1,0.07940571946386416,"0.18930256108706525"
3,0.06646305441048965,"(0.3827372271467821 / x3)"
4,0.05040498485883059,"(0.9546297095810297 - sin(x5))"
5,0.045214545860912406,"((0.1893025611112715 / x3) * x5)"
6,0.04127041861726425,"((0.1893025611112715 / x3) / sin(x5))"
