Complexity,Loss,Equation
1,7.57093709467709e-40,"2.751533589596391e-20"
6,0.0,"(sin(x4 - x4) * x4)"
