Complexity,Loss,Equation
1,3.5344362620310634e-39,"5.94511249854112e-20"
2,1.249223969036011e-77,"square(5.94511249854112e-20)"
3,0.0,"(x2 - x2)"
