Complexity,Loss,Equation
1,7.932021931341455e-40,"2.8163845496205486e-20"
2,6.291697191927794e-79,"square(2.8163845496205486e-20)"
3,0.0,"(x1 - x1)"
