Complexity,Loss,Equation
1,1.5217674364441924e-41,"-3.9009837688000785e-21"
3,0.0,"(x1 - x1)"
