Complexity,Loss,Equation
1,3.5786360181927746e-39,"5.982170189983496e-20"
3,0.0,"(x1 - x1)"
