Complexity,Loss,Equation
1,0.002308383354152745,"0.11051605289923033"
3,0.0005506145640941029,"(x3 * 0.03682901125623007)"
4,0.0005504130105864586,"sin(x3 * 0.03695638934347483)"
