Complexity,Loss,Equation
1,1.998756778223483e-39,"4.470745774726604e-20"
3,0.0,"(x3 - x3)"
