Complexity,Loss,Equation
1,5.229522554595372e-39,"-7.231543787183589e-20"
3,0.0,"(x2 - x2)"
