Complexity,Loss,Equation
1,0.13539888590737953,"1.1678760587383277"
3,0.08322900305619536,"sqrt(sqrt(x3))"
4,0.03653174223053467,"(sqrt(x3) - 0.4863302016959072)"
