Complexity,Loss,Equation
1,0.7367949857892098,"3.286846633131447"
3,0.047381779163452264,"(x1 / x2)"
5,0.009584151317468623,"((x1 / x2) - 0.19441612033449063)"
7,0.007523540029887251,"((x1 / (x2 / 1.0561403444056965)) - 0.3898554104636381)"
