Complexity,Loss,Equation
1,6.152296204348383e-39,"-7.84365744047283e-20"
2,3.785074858604007e-77,"square(-7.84365744047283e-20)"
3,0.0,"(x2 - x2)"
