Complexity,Loss,Equation
1,1.1939331965352362e-38,"1.0926725019580474e-19"
3,0.0,"(0.024273631713401574 - 0.024273631713401574)"
