Complexity,Loss,Equation
1,8.022390371060783e-23,"8.956779762314682e-12"
2,6.435874726569516e-45,"square(8.956779762314682e-12)"
3,0.0,"(x4 - x4)"
