Complexity,Loss,Equation
1,0.003247367600416924,"0.012770771697211905"
3,0.003181247563699375,"(0.012770771699545738 / x1)"
5,0.0025598771131160767,"square(square(0.5504801029213313) / x1)"
