Complexity,Loss,Equation
1,8.447055168919101e-40,"2.906381800266318e-20"
2,7.135274102676875e-79,"square(2.906381800266318e-20)"
3,0.0,"(x1 - x1)"
