Complexity,Loss,Equation
1,0.18744148728690097,"1.8363858734401575"
4,0.15079824405316422,"sqrt(exp(sqrt(x1)))"
5,0.13385921397053877,"exp(sin(cos(sin(x1))))"
