Complexity,Loss,Equation
1,7.459123479371132e-5,"0.00042199220841958876"
2,7.4591234793711e-5,"sin(0.00042199220841958876)"
3,7.437010685618911e-5,"(0.0010881905878460131 / x6)"
4,7.426261210015565e-5,"(0.0010881905878460131 / square(x6))"
5,7.423466774186051e-5,"((0.0010881905878460131 / x6) / x2)"
7,7.388570648763733e-5,"(square(square(-0.7283755992903783 / x6)) * 0.012354789714586494)"
12,7.387910044483575e-5,"exp(sqrt(((exp(x5) / x5) + 0.5402484264700791) * x6) / -0.29655521364063075)"
