Complexity,Loss,Equation
1,0.008323144179876079,"0.0586302091441821"
3,0.006648927856596707,"(x2 * 0.022325404308535652)"
5,0.004330716896429852,"((0.06068607736145022 / x1) * x2)"
