Complexity,Loss,Equation
1,0.14778917212979947,"x3"
3,0.05622638580803904,"(x3 / 1.1038405575277823)"
5,0.022289955272171487,"((x3 / 1.3215787202408988) + 0.5142323224480047)"
