Complexity,Loss,Equation
1,1.2450407650384305,"4.662652171398512"
3,0.4057685599887568,"(x3 + 1.659526751644055)"
4,0.21143502938819814,"(x3 + sqrt(x2))"
