Complexity,Loss,Equation
1,0.1702202897958977,"1.1917150201851447"
3,0.024709856530358815,"(x1 * 0.39104688734248716)"
4,0.02407242924306557,"(sqrt(x1) + -0.528382188810331)"
