Complexity,Loss,Equation
1,1.3892585188670535e-39,"-3.727275840163943e-20"
3,0.0,"(x1 - x1)"
