Complexity,Loss,Equation
1,6.07262218344685e-39,"7.792703114739563e-20"
2,3.687674018289609e-77,"square(7.792703114739563e-20)"
3,0.0,"(x2 - x2)"
