Complexity,Loss,Equation
1,7.637008142107702e-39,"8.738997735500227e-20"
2,5.832389336262313e-77,"square(8.738997735500227e-20)"
5,0.0,"(sqrt(square(x1)) - x1)"
