Complexity,Loss,Equation
1,4.224580309930914e-40,"2.0553783860717632e-20"
3,0.0,"(x2 - x2)"
