Complexity,Loss,Equation
1,1.085452516698673e-38,"1.0418505251227894e-19"
3,0.0,"(x2 - x2)"
