Complexity,Loss,Equation
1,0.03759975568943241,"x1"
3,0.01863385739761659,"(x1 * 1.0426592792459588)"
5,0.018633857397616586,"(x1 * square(sqrt(1.0426592792459588)))"
