Complexity,Loss,Equation
1,3.166469759587612e-27,"5.627139379460466e-14"
3,0.0,"(x4 - x4)"
