Complexity,Loss,Equation
1,1.6142958309022413e-40,"-1.2705494208814505e-20"
3,0.0,"(x3 - x3)"
