Complexity,Loss,Equation
1,1.1710173703846239e-35,"-3.4220131069073734e-18"
2,1.3712816817424294e-70,"square(-3.4220131069073734e-18)"
3,0.0,"(x3 - x3)"
