Complexity,Loss,Equation
1,4.334505211755364e-39,"6.583695931432058e-20"
2,1.878793543073529e-77,"square(6.583695931432058e-20)"
3,0.0,"(0.7190700982634214 - 0.7190700982634214)"
