Complexity,Loss,Equation
1,0.6514614793149998,"1.4312975918676458"
2,0.4611467474809424,"sqrt(x2)"
3,0.34907716410355927,"(x2 * 0.4764544328611455)"
