Complexity,Loss,Equation
1,2.5560384638518405e-39,"-5.055727903924105e-20"
2,6.533332628689269e-78,"square(-5.055727903924105e-20)"
4,0.0,"sin(x3 - x3)"
