Complexity,Loss,Equation
1,1.1344192039550613e-39,"-3.368114018193418e-20"
3,0.0,"(x3 - x3)"
