Complexity,Loss,Equation
1,9.16964873503275e-40,"-3.028142786434124e-20"
2,8.408245792389067e-79,"square(-3.028142786434124e-20)"
3,0.0,"(x3 - x3)"
