Complexity,Loss,Equation
1,6.894836859987048e-40,"2.625802136488331e-20"
3,0.0,"(x4 - x4)"
